<?xml version="1.0"?>
<data grt_format="2.0">
  <value _ptr_="0000020019016F80" type="list" content-type="object" content-struct-name="db.mgmt.ServerInstance">
    <value type="object" struct-name="db.mgmt.ServerInstance" id="{8FD9F00C-76B6-452C-8CB7-BB9F0E8CB812}" struct-checksum="0x367436e2">
      <link type="object" struct-name="db.mgmt.Connection" key="connection">{989ACB48-2DFD-47BF-A949-3F57BBE2E69B}</link>
      <value _ptr_="000002001D3C6420" type="dict" key="loginInfo"/>
      <value _ptr_="000002001D3C7920" type="dict" key="serverInfo">
        <value type="int" key="setupPending">1</value>
      </value>
      <value type="string" key="name">Ubuntu Server</value>
    </value>
    <value type="object" struct-name="db.mgmt.ServerInstance" id="{758C102C-B871-41AE-BD9D-9A63F04116AD}" struct-checksum="0x367436e2">
      <link type="object" struct-name="db.mgmt.Connection" key="connection">{829FB04D-3BBA-41DB-BD13-2712BCCF4B4F}</link>
      <value _ptr_="000002001EBD2120" type="dict" key="loginInfo">
        <value type="string" key="ssh.hostName"></value>
        <value type="string" key="ssh.key">C:\Users\jhube\AppData\Roaming/.ssh/ssh_private_key</value>
        <value type="string" key="ssh.localPort">3306</value>
        <value type="int" key="ssh.useKey">0</value>
        <value type="string" key="ssh.userName">mysql</value>
      </value>
      <value _ptr_="000002001EBA62A0" type="dict" key="serverInfo">
        <value type="int" key="setupPending">1</value>
        <value type="int" key="windowsAdmin">1</value>
      </value>
      <value type="string" key="name">pc</value>
      <link type="object" struct-name="GrtObject" key="owner">{E7D56FB0-152B-44B4-B07F-DF71471225E2}</link>
    </value>
  </value>
</data>
